{
  "best_model": "random_forest",
  "accuracy": 0.7579843860894251,
  "precision": 0.5304990757855823,
  "recall": 0.767379679144385,
  "f1": 0.6273224043715847,
  "roc_auc": 0.8415200599343823
}